h3_cell,total_crimes_in_cell,violent_crimes_in_cell,cell_violent_rate,neighbour_avg_crimes
8826641903fffff,19,4.0,0.21052631578947367,23.166666666666668
8826641907fffff,2,0.0,0.0,21.0
8826641909fffff,3,0.0,0.0,33.0
882664190bfffff,15,1.0,0.06666666666666667,18.166666666666668
882664190dfffff,4,0.0,0.0,0.6666666666666666
8826641913fffff,80,37.0,0.4625,19.166666666666668
8826641915fffff,14,3.0,0.21428571428571427,73.0
8826641917fffff,101,32.0,0.31683168316831684,72.33333333333333
882664191dfffff,9,2.0,0.2222222222222222,8.0
8826641925fffff,1,1.0,1.0,0.6666666666666666
8826641927fffff,1,0.0,0.0,38.166666666666664
8826641929fffff,1,0.0,0.0,1.3333333333333333
882664192bfffff,8,4.0,0.5,0.5
8826641931fffff,26,6.0,0.23076923076923078,53.666666666666664
8826641933fffff,12,1.0,0.08333333333333333,58.666666666666664
8826641935fffff,1,0.0,0.0,5.5
8826641939fffff,99,23.0,0.23232323232323232,45.166666666666664
882664193bfffff,210,62.0,0.29523809523809524,61.333333333333336
8826641941fffff,99,14.0,0.1414141414141414,115.16666666666667
8826641943fffff,101,32.0,0.31683168316831684,64.66666666666667
8826641945fffff,29,9.0,0.3103448275862069,86.66666666666667
8826641949fffff,365,116.0,0.3178082191780822,106.16666666666667
882664194bfffff,183,53.0,0.2896174863387978,125.83333333333333
882664194dfffff,13,3.0,0.23076923076923078,148.33333333333334
8826641955fffff,78,24.0,0.3076923076923077,24.0
882664195dfffff,25,9.0,0.36,63.833333333333336
8826641969fffff,172,49.0,0.28488372093023256,54.333333333333336
882664196bfffff,1,0.0,0.0,34.166666666666664
882664196dfffff,1,1.0,1.0,65.83333333333333
88266419e9fffff,14,6.0,0.42857142857142855,49.5
88266419edfffff,116,27.0,0.23275862068965517,56.166666666666664
8826641b21fffff,281,99.0,0.35231316725978645,52.666666666666664
8826641b23fffff,103,37.0,0.3592233009708738,148.5
8826641b25fffff,68,14.0,0.20588235294117646,185.33333333333334
8826641b27fffff,95,27.0,0.28421052631578947,149.5
8826641b29fffff,6,6.0,1.0,54.166666666666664
8826641b2bfffff,6,2.0,0.3333333333333333,65.0
8826641b2dfffff,38,12.0,0.3157894736842105,205.16666666666666
8826641b35fffff,144,50.0,0.3472222222222222,112.0
8826641b37fffff,21,6.0,0.2857142857142857,58.666666666666664
8826641b61fffff,1,1.0,1.0,4.833333333333333
8826641b65fffff,29,10.0,0.3448275862068966,173.5
8826645201fffff,126,35.0,0.2777777777777778,78.83333333333333
8826645203fffff,92,15.0,0.16304347826086957,133.66666666666666
8826645205fffff,82,22.0,0.2682926829268293,72.33333333333333
8826645207fffff,131,54.0,0.4122137404580153,106.5
8826645209fffff,20,6.0,0.3,51.5
882664520bfffff,147,30.0,0.20408163265306123,83.33333333333333
882664520dfffff,1,1.0,1.0,38.0
8826645211fffff,88,11.0,0.125,85.16666666666667
8826645213fffff,54,9.0,0.16666666666666666,57.666666666666664
8826645215fffff,221,53.0,0.2398190045248869,102.16666666666667
8826645217fffff,105,20.0,0.19047619047619047,85.66666666666667
8826645219fffff,1,0.0,0.0,155.5
882664521bfffff,81,27.0,0.3333333333333333,154.5
882664521dfffff,49,11.0,0.22448979591836735,121.16666666666667
8826645223fffff,21,6.0,0.2857142857142857,46.0
8826645229fffff,41,5.0,0.12195121951219512,36.166666666666664
882664522bfffff,135,28.0,0.2074074074074074,58.5
8826645231fffff,131,38.0,0.2900763358778626,70.16666666666667
8826645235fffff,65,23.0,0.35384615384615387,38.166666666666664
8826645237fffff,1,0.0,0.0,32.666666666666664
8826645239fffff,128,35.0,0.2734375,133.66666666666666
882664523bfffff,151,30.0,0.1986754966887417,97.5
882664523dfffff,76,10.0,0.13157894736842105,101.83333333333333
8826645251fffff,177,45.0,0.2542372881355932,145.83333333333334
8826645253fffff,61,5.0,0.08196721311475409,218.66666666666666
8826645255fffff,35,5.0,0.14285714285714285,101.66666666666667
8826645257fffff,178,32.0,0.1797752808988764,78.33333333333333
8826645259fffff,253,72.0,0.2845849802371542,142.83333333333334
882664525bfffff,260,72.0,0.27692307692307694,216.0
882664525dfffff,88,13.0,0.14772727272727273,90.16666666666667
8826645281fffff,31,6.0,0.1935483870967742,47.166666666666664
8826645283fffff,50,16.0,0.32,32.166666666666664
8826645289fffff,142,34.0,0.23943661971830985,102.66666666666667
882664528bfffff,91,21.0,0.23076923076923078,94.66666666666667
8826645299fffff,47,7.0,0.14893617021276595,57.666666666666664
882664529dfffff,71,17.0,0.23943661971830985,55.333333333333336
88266452c1fffff,3,1.0,0.3333333333333333,107.5
88266452c3fffff,80,17.0,0.2125,120.5
88266452c7fffff,284,41.0,0.1443661971830986,37.5
88266452c9fffff,147,29.0,0.19727891156462585,139.66666666666666
88266452cbfffff,62,19.0,0.3064516129032258,114.66666666666667
88266452cdfffff,72,15.0,0.20833333333333334,86.83333333333333
88266452d1fffff,204,63.0,0.3088235294117647,152.83333333333334
88266452d3fffff,113,26.0,0.23008849557522124,133.16666666666666
88266452d5fffff,130,36.0,0.27692307692307694,127.16666666666667
88266452d7fffff,144,34.0,0.2361111111111111,109.33333333333333
88266452d9fffff,172,48.0,0.27906976744186046,161.66666666666666
88266452dbfffff,256,79.0,0.30859375,158.0
88266452ddfffff,102,26.0,0.2549019607843137,136.5
8826645601fffff,331,118.0,0.3564954682779456,402.0
8826645603fffff,405,136.0,0.3358024691358025,331.3333333333333
8826645605fffff,385,125.0,0.3246753246753247,272.3333333333333
8826645607fffff,406,138.0,0.3399014778325123,283.6666666666667
8826645609fffff,586,228.0,0.3890784982935154,375.1666666666667
882664560bfffff,392,141.0,0.3596938775510204,371.3333333333333
882664560dfffff,238,83.0,0.3487394957983193,343.5
8826645613fffff,191,80.0,0.418848167539267,171.66666666666666
8826645615fffff,198,48.0,0.24242424242424243,207.0
8826645617fffff,59,15.0,0.2542372881355932,145.66666666666666
8826645619fffff,2,0.0,0.0,74.16666666666667
882664561dfffff,366,146.0,0.3989071038251366,179.0
8826645621fffff,276,65.0,0.23550724637681159,150.5
8826645623fffff,97,34.0,0.35051546391752575,95.33333333333333
8826645625fffff,126,36.0,0.2857142857142857,122.0
8826645627fffff,10,1.0,0.1,89.66666666666667
8826645629fffff,292,91.0,0.3116438356164384,259.1666666666667
882664562bfffff,137,43.0,0.31386861313868614,267.5
882664562dfffff,241,90.0,0.37344398340248963,203.33333333333334
8826645631fffff,209,59.0,0.2822966507177033,111.16666666666667
8826645633fffff,70,16.0,0.22857142857142856,60.333333333333336
8826645637fffff,36,6.0,0.16666666666666666,46.5
8826645639fffff,295,98.0,0.33220338983050846,247.33333333333334
882664563bfffff,117,33.0,0.28205128205128205,138.5
882664563dfffff,149,41.0,0.2751677852348993,190.66666666666666
8826645641fffff,569,194.0,0.3409490333919156,356.5
8826645643fffff,510,159.0,0.31176470588235294,445.8333333333333
8826645645fffff,236,66.0,0.2796610169491525,365.0
8826645647fffff,317,106.0,0.334384858044164,391.8333333333333
8826645649fffff,320,94.0,0.29375,335.3333333333333
882664564bfffff,374,101.0,0.2700534759358289,366.6666666666667
882664564dfffff,382,125.0,0.32722513089005234,357.3333333333333
8826645651fffff,95,31.0,0.3263157894736842,182.16666666666666
8826645653fffff,1,0.0,0.0,29.166666666666668
8826645655fffff,463,167.0,0.36069114470842334,337.6666666666667
8826645657fffff,77,23.0,0.2987012987012987,219.83333333333334
8826645659fffff,186,32.0,0.17204301075268819,111.16666666666667
882664565dfffff,366,137.0,0.3743169398907104,302.1666666666667
8826645661fffff,142,41.0,0.2887323943661972,231.5
8826645663fffff,230,61.0,0.26521739130434785,259.1666666666667
8826645665fffff,132,35.0,0.26515151515151514,137.16666666666666
8826645667fffff,286,88.0,0.3076923076923077,192.33333333333334
8826645669fffff,393,124.0,0.3155216284987277,203.16666666666666
882664566bfffff,212,61.0,0.28773584905660377,259.3333333333333
882664566dfffff,136,48.0,0.35294117647058826,173.66666666666666
88266456c1fffff,36,19.0,0.5277777777777778,102.0
88266456c5fffff,381,170.0,0.4461942257217848,138.5
88266456c7fffff,2,0.0,0.0,71.5
88266456c9fffff,6,1.0,0.16666666666666666,43.5
88266456cbfffff,1,0.0,0.0,7.166666666666667
88266456cdfffff,222,97.0,0.4369369369369369,102.5
88266456e1fffff,26,16.0,0.6153846153846154,64.5
88266456e3fffff,7,1.0,0.14285714285714285,6.333333333333333
88266456e9fffff,368,129.0,0.35054347826086957,111.5
88266456ebfffff,12,7.0,0.5833333333333334,130.66666666666666
8826645701fffff,71,27.0,0.38028169014084506,51.833333333333336
8826645703fffff,34,4.0,0.11764705882352941,42.5
8826645705fffff,8,2.0,0.25,29.666666666666668
8826645707fffff,64,14.0,0.21875,19.333333333333332
8826645709fffff,51,13.0,0.2549019607843137,58.166666666666664
882664570bfffff,119,32.0,0.2689075630252101,42.5
882664570dfffff,35,3.0,0.08571428571428572,30.5
8826645719fffff,43,8.0,0.18604651162790697,57.0
882664571bfffff,39,7.0,0.1794871794871795,29.833333333333332
882664571dfffff,1,0.0,0.0,41.5
8826645721fffff,1,1.0,1.0,1.3333333333333333
8826645729fffff,5,2.0,0.4,2.0
882664572bfffff,3,0.0,0.0,13.0
8826645743fffff,60,17.0,0.2833333333333333,31.333333333333332
8826645745fffff,3,0.0,0.0,8.833333333333334
8826645747fffff,19,5.0,0.2631578947368421,30.5
882664574bfffff,28,6.0,0.21428571428571427,42.166666666666664
8826645751fffff,93,29.0,0.3118279569892473,75.83333333333333
8826645753fffff,123,46.0,0.37398373983739835,112.16666666666667
8826645755fffff,45,10.0,0.2222222222222222,70.16666666666667
8826645757fffff,53,8.0,0.1509433962264151,70.66666666666667
8826645759fffff,72,9.0,0.125,96.33333333333333
882664575bfffff,117,36.0,0.3076923076923077,157.83333333333334
882664575dfffff,45,5.0,0.1111111111111111,69.83333333333333
882664576bfffff,34,6.0,0.17647058823529413,9.5
882664c101fffff,645,92.0,0.14263565891472868,403.6666666666667
882664c103fffff,194,23.0,0.11855670103092783,268.5
882664c105fffff,719,140.0,0.19471488178025034,602.5
882664c107fffff,589,105.0,0.17826825127334464,433.3333333333333
882664c109fffff,38,8.0,0.21052631578947367,264.8333333333333
882664c10bfffff,2,0.0,0.0,146.16666666666666
882664c10dfffff,880,116.0,0.1318181818181818,590.3333333333334
882664c115fffff,69,13.0,0.18840579710144928,236.16666666666666
882664c117fffff,157,29.0,0.18471337579617833,415.3333333333333
882664c121fffff,364,84.0,0.23076923076923078,289.5
882664c123fffff,182,33.0,0.1813186813186813,334.3333333333333
882664c125fffff,386,34.0,0.08808290155440414,300.0
882664c127fffff,340,63.0,0.18529411764705883,344.8333333333333
882664c129fffff,280,41.0,0.14642857142857144,493.0
882664c12bfffff,353,77.0,0.21813031161473087,419.5
882664c12dfffff,196,37.0,0.18877551020408162,329.3333333333333
882664c131fffff,753,105.0,0.1394422310756972,456.3333333333333
882664c133fffff,812,261.0,0.32142857142857145,712.5
882664c135fffff,268,33.0,0.12313432835820895,435.0
882664c137fffff,209,43.0,0.20574162679425836,560.6666666666666
882664c139fffff,306,51.0,0.16666666666666666,458.0
882664c13bfffff,760,197.0,0.25921052631578945,572.5
882664c13dfffff,383,57.0,0.14882506527415143,408.5
882664c145fffff,229,52.0,0.22707423580786026,413.1666666666667
882664c147fffff,62,12.0,0.1935483870967742,392.8333333333333
882664c14dfffff,34,9.0,0.2647058823529412,121.33333333333333
882664c161fffff,834,234.0,0.2805755395683453,624.8333333333334
882664c163fffff,868,169.0,0.19470046082949308,730.1666666666666
882664c165fffff,242,39.0,0.16115702479338842,362.5
882664c167fffff,458,68.0,0.14847161572052403,442.8333333333333
882664c169fffff,752,195.0,0.25930851063829785,659.1666666666666
882664c16bfffff,1210,285.0,0.23553719008264462,604.1666666666666
882664c16dfffff,219,39.0,0.1780821917808219,588.8333333333334
882664c185fffff,142,24.0,0.16901408450704225,1124.5
882664c187fffff,5,1.0,0.2,302.6666666666667
882664c18dfffff,53,21.0,0.39622641509433965,416.0
882664c1a1fffff,818,167.0,0.2041564792176039,1395.6666666666667
882664c1a3fffff,1191,315.0,0.26448362720403024,692.0
882664c1a5fffff,581,126.0,0.21686746987951808,762.6666666666666
882664c1a7fffff,787,184.0,0.2337992376111817,566.8333333333334
882664c1a9fffff,3807,809.0,0.21250328342526925,1154.1666666666667
882664c1abfffff,1133,275.0,0.24271844660194175,1073.8333333333333
882664c1adfffff,875,184.0,0.2102857142857143,1563.6666666666667
882664c1b1fffff,48,16.0,0.3333333333333333,345.8333333333333
882664c1b3fffff,12,4.0,0.3333333333333333,198.0
882664c1b5fffff,757,161.0,0.21268163804491413,556.0
882664c1b7fffff,765,196.0,0.25620915032679736,392.3333333333333
882664c1b9fffff,61,13.0,0.21311475409836064,88.83333333333333
882664c1bdfffff,480,114.0,0.2375,532.5
882664c1c7fffff,20,4.0,0.2,106.33333333333333
882664c1e1fffff,3256,694.0,0.21314496314496315,1187.5
882664c1e3fffff,1749,367.0,0.20983419096626643,1675.1666666666667
882664c1e5fffff,920,205.0,0.22282608695652173,1421.0
882664c1e7fffff,2208,556.0,0.25181159420289856,1870.6666666666667
882664c1e9fffff,325,60.0,0.18461538461538463,889.3333333333334
882664c1ebfffff,585,128.0,0.2188034188034188,900.5
882664c1edfffff,1338,322.0,0.2406576980568012,1038.3333333333333
882664c801fffff,719,252.0,0.35048678720445064,504.6666666666667
882664c803fffff,801,344.0,0.42946317103620474,741.1666666666666
882664c805fffff,137,49.0,0.35766423357664234,255.5
882664c807fffff,331,98.0,0.29607250755287007,441.1666666666667
882664c809fffff,543,213.0,0.39226519337016574,616.6666666666666
882664c80bfffff,733,285.0,0.3888130968622101,599.5
882664c80dfffff,483,179.0,0.37060041407867494,408.1666666666667
882664c811fffff,937,345.0,0.368196371398079,666.3333333333334
882664c813fffff,447,160.0,0.3579418344519016,548.8333333333334
882664c815fffff,973,359.0,0.36896197327852004,679.6666666666666
882664c817fffff,311,93.0,0.2990353697749196,454.1666666666667
882664c819fffff,540,216.0,0.4,670.3333333333334
882664c81bfffff,950,379.0,0.3989473684210526,762.3333333333334
882664c81dfffff,777,282.0,0.36293436293436293,704.8333333333334
882664c831fffff,54,39.0,0.7222222222222222,260.3333333333333
882664c833fffff,234,89.0,0.3803418803418803,67.5
882664c839fffff,914,380.0,0.41575492341356673,428.8333333333333
882664c83bfffff,338,128.0,0.378698224852071,416.5
882664c83dfffff,76,30.0,0.39473684210526316,216.5
882664c841fffff,330,104.0,0.3151515151515151,505.3333333333333
882664c843fffff,573,194.0,0.33856893542757416,480.5
882664c845fffff,325,97.0,0.29846153846153844,380.8333333333333
882664c847fffff,680,233.0,0.3426470588235294,437.3333333333333
882664c849fffff,486,189.0,0.3888888888888889,430.3333333333333
882664c84bfffff,599,178.0,0.29716193656093487,417.1666666666667
882664c84dfffff,369,135.0,0.36585365853658536,381.6666666666667
882664c851fffff,338,138.0,0.40828402366863903,481.3333333333333
882664c853fffff,42,12.0,0.2857142857142857,634.6666666666666
882664c855fffff,512,204.0,0.3984375,441.8333333333333
882664c857fffff,245,105.0,0.42857142857142855,490.3333333333333
882664c859fffff,842,322.0,0.3824228028503563,510.1666666666667
882664c85bfffff,1028,371.0,0.36089494163424124,586.1666666666666
882664c85dfffff,219,76.0,0.3470319634703196,566.1666666666666
882664c861fffff,132,34.0,0.25757575757575757,140.66666666666666
882664c865fffff,137,41.0,0.29927007299270075,67.16666666666667
882664c869fffff,187,44.0,0.23529411764705882,264.6666666666667
882664c86bfffff,370,100.0,0.2702702702702703,301.1666666666667
882664c86dfffff,150,36.0,0.24,177.0
882664c881fffff,364,152.0,0.4175824175824176,231.33333333333334
882664c883fffff,201,81.0,0.40298507462686567,149.83333333333334
882664c885fffff,1,1.0,1.0,99.16666666666667
882664c887fffff,46,23.0,0.5,95.83333333333333
882664c889fffff,575,209.0,0.3634782608695652,484.5
882664c88bfffff,380,164.0,0.43157894736842106,377.6666666666667
882664c88dfffff,185,57.0,0.3081081081081081,255.33333333333334
882664c891fffff,71,26.0,0.36619718309859156,85.66666666666667
882664c893fffff,150,60.0,0.4,194.83333333333334
882664c895fffff,39,5.0,0.1282051282051282,68.66666666666667
882664c897fffff,3,2.0,0.6666666666666666,109.66666666666667
882664c899fffff,29,8.0,0.27586206896551724,153.0
882664c89bfffff,232,94.0,0.4051724137931034,154.5
882664c89dfffff,61,15.0,0.2459016393442623,181.66666666666666
882664c8b1fffff,1,0.0,0.0,30.0
882664c8b3fffff,28,9.0,0.32142857142857145,140.0
882664c8b7fffff,76,32.0,0.42105263157894735,61.666666666666664
882664c8b9fffff,9,1.0,0.1111111111111111,59.0
882664c8bbfffff,67,14.0,0.208955223880597,49.166666666666664
882664c8c1fffff,851,294.0,0.345475910693302,759.5
882664c8c3fffff,693,261.0,0.37662337662337664,774.3333333333334
882664c8c5fffff,413,166.0,0.4019370460048426,428.6666666666667
882664c8c7fffff,590,231.0,0.39152542372881355,453.1666666666667
882664c8c9fffff,933,346.0,0.3708467309753483,898.1666666666666
882664c8cbfffff,1263,513.0,0.40617577197149646,728.3333333333334
882664c8cdfffff,665,248.0,0.37293233082706767,751.3333333333334
882664c8d1fffff,535,240.0,0.4485981308411215,450.3333333333333
882664c8d3fffff,71,29.0,0.4084507042253521,228.33333333333334
882664c8d5fffff,695,264.0,0.37985611510791367,537.5
882664c8d7fffff,370,146.0,0.3945945945945946,295.1666666666667
882664c8d9fffff,604,214.0,0.3543046357615894,409.3333333333333
882664c8dbfffff,290,102.0,0.35172413793103446,304.5
882664c8ddfffff,672,251.0,0.37351190476190477,671.5
882664c8e9fffff,17,4.0,0.23529411764705882,197.66666666666666
882664c8ebfffff,2,1.0,0.5,200.83333333333334
882664c8edfffff,13,7.0,0.5384615384615384,150.0
882664c959fffff,21,6.0,0.2857142857142857,39.5
882664ca01fffff,402,120.0,0.29850746268656714,354.3333333333333
882664ca03fffff,459,143.0,0.3115468409586057,388.5
882664ca05fffff,492,134.0,0.27235772357723576,294.5
882664ca07fffff,367,92.0,0.2506811989100817,398.0
882664ca09fffff,291,61.0,0.20962199312714777,294.6666666666667
882664ca0bfffff,311,93.0,0.2990353697749196,324.0
882664ca0dfffff,206,59.0,0.28640776699029125,326.0
882664ca11fffff,627,165.0,0.2631578947368421,402.3333333333333
882664ca13fffff,544,129.0,0.23713235294117646,477.8333333333333
882664ca15fffff,398,86.0,0.21608040201005024,476.8333333333333
882664ca17fffff,408,117.0,0.2867647058823529,504.6666666666667
882664ca19fffff,283,66.0,0.2332155477031802,371.0
882664ca1bfffff,366,84.0,0.22950819672131148,442.1666666666667
882664ca1dfffff,415,116.0,0.27951807228915665,376.5
882664ca21fffff,379,107.0,0.28232189973614774,375.0
882664ca23fffff,450,134.0,0.29777777777777775,382.6666666666667
882664ca25fffff,354,118.0,0.3333333333333333,368.5
882664ca27fffff,472,119.0,0.2521186440677966,394.3333333333333
882664ca29fffff,368,97.0,0.26358695652173914,324.1666666666667
882664ca2bfffff,260,74.0,0.2846153846153846,398.8333333333333
882664ca2dfffff,346,111.0,0.3208092485549133,325.3333333333333
882664ca31fffff,420,164.0,0.3904761904761905,434.5
882664ca33fffff,423,142.0,0.33569739952718675,569.3333333333334
882664ca35fffff,362,132.0,0.36464088397790057,470.8333333333333
882664ca37fffff,533,211.0,0.39587242026266417,477.5
882664ca39fffff,438,131.0,0.2990867579908676,415.8333333333333
882664ca3bfffff,514,183.0,0.3560311284046693,445.6666666666667
882664ca3dfffff,337,103.0,0.3056379821958457,382.8333333333333
882664ca41fffff,435,129.0,0.296551724137931,371.1666666666667
882664ca43fffff,362,96.0,0.26519337016574585,254.66666666666666
882664ca45fffff,351,120.0,0.3418803418803419,408.5
882664ca47fffff,291,88.0,0.3024054982817869,326.8333333333333
882664ca49fffff,357,94.0,0.26330532212885155,371.6666666666667
882664ca4bfffff,216,43.0,0.19907407407407407,313.1666666666667
882664ca4dfffff,650,215.0,0.33076923076923076,333.6666666666667
882664ca51fffff,198,52.0,0.26262626262626265,187.16666666666666
882664ca53fffff,251,67.0,0.26693227091633465,246.83333333333334
882664ca55fffff,196,31.0,0.15816326530612246,240.33333333333334
882664ca57fffff,181,43.0,0.23756906077348067,275.6666666666667
882664ca59fffff,159,15.0,0.09433962264150944,213.5
882664ca5bfffff,237,36.0,0.1518987341772152,250.66666666666666
882664ca5dfffff,99,29.0,0.29292929292929293,228.0
882664ca61fffff,236,42.0,0.17796610169491525,249.16666666666666
882664ca63fffff,164,55.0,0.3353658536585366,320.3333333333333
882664ca65fffff,320,90.0,0.28125,223.0
882664ca67fffff,304,75.0,0.24671052631578946,278.0
882664ca69fffff,276,86.0,0.3115942028985507,283.6666666666667
882664ca6bfffff,316,77.0,0.24367088607594936,254.0
882664ca6dfffff,115,33.0,0.28695652173913044,237.5
882664ca81fffff,323,125.0,0.38699690402476783,485.0
882664ca83fffff,866,321.0,0.37066974595842955,477.0
882664ca85fffff,178,74.0,0.4157303370786517,541.8333333333334
882664ca87fffff,607,182.0,0.29983525535420097,618.6666666666666
882664ca89fffff,511,90.0,0.1761252446183953,434.6666666666667
882664ca8bfffff,378,110.0,0.291005291005291,575.1666666666666
882664ca8dfffff,370,108.0,0.2918918918918919,458.8333333333333
882664ca91fffff,490,127.0,0.25918367346938775,419.1666666666667
882664ca93fffff,611,198.0,0.32405891980360063,420.5
882664ca95fffff,352,94.0,0.26704545454545453,501.6666666666667
882664ca97fffff,216,69.0,0.3194444444444444,440.6666666666667
882664ca99fffff,432,79.0,0.18287037037037038,664.8333333333334
882664ca9bfffff,313,71.0,0.2268370607028754,537.0
882664ca9dfffff,591,198.0,0.3350253807106599,530.1666666666666
882664caa1fffff,567,221.0,0.3897707231040564,783.3333333333334
882664caa3fffff,714,231.0,0.3235294117647059,855.0
882664caa5fffff,1071,355.0,0.3314659197012138,599.8333333333334
882664caa7fffff,914,348.0,0.38074398249452956,816.6666666666666
882664caa9fffff,564,214.0,0.37943262411347517,651.1666666666666
882664caabfffff,851,376.0,0.4418331374853114,585.5
882664caadfffff,586,191.0,0.32593856655290104,743.5
882664cab1fffff,359,124.0,0.34540389972144847,526.0
882664cab3fffff,205,62.0,0.3024390243902439,376.6666666666667
882664cab5fffff,982,325.0,0.33095723014256617,731.8333333333334
882664cab7fffff,239,97.0,0.40585774058577406,680.8333333333334
882664cab9fffff,611,150.0,0.24549918166939444,550.5
882664cabbfffff,236,71.0,0.3008474576271186,341.6666666666667
882664cabdfffff,883,355.0,0.40203850509626277,687.3333333333334
882664cac1fffff,821,159.0,0.19366626065773446,538.5
882664cac3fffff,580,114.0,0.19655172413793104,587.5
882664cac5fffff,635,176.0,0.27716535433070866,566.8333333333334
882664cac7fffff,460,144.0,0.3130434782608696,610.3333333333334
882664cac9fffff,298,68.0,0.22818791946308725,478.1666666666667
882664cacbfffff,785,170.0,0.21656050955414013,437.8333333333333
882664cacdfffff,473,83.0,0.17547568710359407,500.6666666666667
882664cad1fffff,417,79.0,0.18944844124700239,645.6666666666666
882664cad3fffff,1351,259.0,0.19170984455958548,597.5
882664cad5fffff,497,95.0,0.19114688128772636,500.0
882664cad7fffff,663,163.0,0.2458521870286576,611.0
882664cad9fffff,295,42.0,0.1423728813559322,571.0
882664cadbfffff,617,108.0,0.17504051863857376,1011.0
882664caddfffff,451,92.0,0.2039911308203991,463.8333333333333
882664cae1fffff,337,101.0,0.2997032640949555,655.8333333333334
882664cae3fffff,536,167.0,0.31156716417910446,563.8333333333334
882664cae5fffff,520,183.0,0.35192307692307695,734.3333333333334
882664cae7fffff,1189,340.0,0.28595458368376786,595.1666666666666
882664cae9fffff,358,114.0,0.31843575418994413,542.6666666666666
882664caebfffff,745,235.0,0.31543624161073824,449.3333333333333
882664caedfffff,587,184.0,0.313458262350937,426.6666666666667
882664cb01fffff,146,28.0,0.1917808219178082,143.33333333333334
882664cb03fffff,183,29.0,0.15846994535519127,196.5
882664cb05fffff,138,30.0,0.21739130434782608,97.0
882664cb07fffff,155,37.0,0.23870967741935484,133.5
882664cb09fffff,162,52.0,0.32098765432098764,118.83333333333333
882664cb0bfffff,140,27.0,0.19285714285714287,184.66666666666666
882664cb0dfffff,82,29.0,0.35365853658536583,82.0
882664cb11fffff,272,66.0,0.2426470588235294,309.3333333333333
882664cb13fffff,349,119.0,0.34097421203438394,290.5
882664cb15fffff,329,79.0,0.24012158054711247,228.33333333333334
882664cb17fffff,262,69.0,0.2633587786259542,255.16666666666666
882664cb19fffff,373,108.0,0.289544235924933,279.6666666666667
882664cb1bfffff,328,110.0,0.3353658536585366,364.8333333333333
882664cb1dfffff,215,68.0,0.31627906976744186,248.83333333333334
882664cb21fffff,96,27.0,0.28125,52.0
882664cb23fffff,21,1.0,0.047619047619047616,42.833333333333336
882664cb25fffff,12,3.0,0.25,35.0
882664cb27fffff,21,8.0,0.38095238095238093,21.5
882664cb29fffff,68,23.0,0.3382352941176471,76.33333333333333
882664cb2bfffff,98,24.0,0.24489795918367346,86.66666666666667
882664cb2dfffff,92,13.0,0.14130434782608695,31.666666666666668
882664cb31fffff,91,21.0,0.23076923076923078,96.66666666666667
882664cb33fffff,100,34.0,0.34,107.16666666666667
882664cb39fffff,194,44.0,0.2268041237113402,174.0
882664cb3bfffff,244,60.0,0.2459016393442623,187.66666666666666
882664cb3dfffff,42,11.0,0.2619047619047619,93.16666666666667
882664cb41fffff,25,5.0,0.2,87.16666666666667
882664cb43fffff,126,35.0,0.2777777777777778,126.66666666666667
882664cb45fffff,21,3.0,0.14285714285714285,38.166666666666664
882664cb47fffff,13,6.0,0.46153846153846156,69.33333333333333
882664cb49fffff,115,29.0,0.25217391304347825,111.83333333333333
882664cb4bfffff,172,48.0,0.27906976744186046,139.33333333333334
882664cb4dfffff,76,13.0,0.17105263157894737,80.83333333333333
882664cb51fffff,248,38.0,0.1532258064516129,229.16666666666666
882664cb53fffff,313,101.0,0.3226837060702875,291.8333333333333
882664cb55fffff,206,44.0,0.21359223300970873,175.66666666666666
882664cb57fffff,196,49.0,0.25,249.16666666666666
882664cb59fffff,244,56.0,0.22950819672131148,237.83333333333334
882664cb5bfffff,234,56.0,0.23931623931623933,295.8333333333333
882664cb5dfffff,182,37.0,0.2032967032967033,205.66666666666666
882664cb63fffff,33,9.0,0.2727272727272727,48.166666666666664
882664cb65fffff,17,6.0,0.35294117647058826,11.0
882664cb67fffff,1,0.0,0.0,37.0
882664cb69fffff,1,1.0,1.0,32.0
882664cb6dfffff,2,0.0,0.0,19.166666666666668
882664cc01fffff,971,400.0,0.411946446961895,554.5
882664cc03fffff,876,364.0,0.4155251141552511,706.0
882664cc05fffff,250,103.0,0.412,533.8333333333334
882664cc07fffff,284,93.0,0.3274647887323944,685.1666666666666
882664cc09fffff,343,121.0,0.35276967930029157,577.5
882664cc0bfffff,848,240.0,0.2830188679245283,583.6666666666666
882664cc0dfffff,726,252.0,0.34710743801652894,442.6666666666667
882664cc11fffff,268,106.0,0.39552238805970147,596.6666666666666
882664cc13fffff,371,127.0,0.3423180592991914,624.3333333333334
882664cc15fffff,780,282.0,0.36153846153846153,617.3333333333334
882664cc17fffff,591,206.0,0.34856175972927245,674.0
882664cc19fffff,535,166.0,0.3102803738317757,535.6666666666666
882664cc1bfffff,765,246.0,0.3215686274509804,620.6666666666666
882664cc1dfffff,538,189.0,0.3513011152416357,651.6666666666666
882664cc21fffff,615,245.0,0.3983739837398374,524.6666666666666
882664cc23fffff,565,196.0,0.34690265486725663,577.6666666666666
882664cc25fffff,577,192.0,0.3327556325823224,490.1666666666667
882664cc27fffff,509,220.0,0.43222003929273084,585.3333333333334
882664cc29fffff,424,161.0,0.37971698113207547,431.8333333333333
882664cc2bfffff,651,283.0,0.434715821812596,447.6666666666667
882664cc2dfffff,422,152.0,0.36018957345971564,515.3333333333334
882664cc31fffff,707,246.0,0.347949080622348,623.8333333333334
882664cc33fffff,633,219.0,0.3459715639810427,627.3333333333334
882664cc35fffff,543,206.0,0.37937384898710863,628.0
882664cc37fffff,588,220.0,0.3741496598639456,624.6666666666666
882664cc39fffff,815,273.0,0.33496932515337424,635.1666666666666
882664cc3bfffff,616,160.0,0.2597402597402597,744.6666666666666
882664cc3dfffff,548,202.0,0.3686131386861314,594.1666666666666
882664cc41fffff,489,157.0,0.3210633946830266,597.0
882664cc43fffff,268,55.0,0.20522388059701493,392.5
882664cc45fffff,653,240.0,0.3675344563552833,462.5
882664cc47fffff,481,158.0,0.3284823284823285,490.5
882664cc49fffff,881,278.0,0.3155505107832009,521.1666666666666
882664cc4bfffff,602,126.0,0.20930232558139536,576.0
882664cc4dfffff,697,192.0,0.27546628407460544,650.5
882664cc51fffff,176,57.0,0.32386363636363635,291.1666666666667
882664cc53fffff,234,96.0,0.41025641025641024,369.6666666666667
882664cc55fffff,171,45.0,0.2631578947368421,417.8333333333333
882664cc57fffff,603,153.0,0.2537313432835821,417.0
882664cc59fffff,463,115.0,0.24838012958963282,266.5
882664cc5bfffff,7,3.0,0.42857142857142855,160.66666666666666
882664cc5dfffff,269,58.0,0.21561338289962825,468.1666666666667
882664cc61fffff,127,53.0,0.41732283464566927,306.1666666666667
882664cc63fffff,147,50.0,0.3401360544217687,416.1666666666667
882664cc65fffff,362,123.0,0.3397790055248619,371.1666666666667
882664cc67fffff,506,170.0,0.3359683794466403,333.6666666666667
882664cc69fffff,139,36.0,0.2589928057553957,366.3333333333333
882664cc6bfffff,464,170.0,0.36637931034482757,378.8333333333333
882664cc6dfffff,219,81.0,0.3698630136986301,222.16666666666666
882664cc81fffff,312,104.0,0.3333333333333333,253.5
882664cc83fffff,302,109.0,0.3609271523178808,188.5
882664cc85fffff,241,72.0,0.2987551867219917,342.3333333333333
882664cc87fffff,145,40.0,0.27586206896551724,218.16666666666666
882664cc89fffff,304,89.0,0.29276315789473684,266.3333333333333
882664cc8bfffff,220,61.0,0.2772727272727273,301.1666666666667
882664cc8dfffff,309,93.0,0.30097087378640774,354.3333333333333
882664cc91fffff,291,95.0,0.32646048109965636,155.0
882664cc93fffff,235,63.0,0.2680851063829787,105.33333333333333
882664cc95fffff,93,23.0,0.24731182795698925,192.66666666666666
882664cc97fffff,60,22.0,0.36666666666666664,155.66666666666666
882664cc99fffff,145,31.0,0.21379310344827587,253.5
882664cc9bfffff,67,26.0,0.3880597014925373,141.16666666666666
882664cc9dfffff,330,131.0,0.396969696969697,221.66666666666666
882664cca1fffff,333,87.0,0.26126126126126126,300.6666666666667
882664cca3fffff,50,15.0,0.3,285.5
882664cca5fffff,425,132.0,0.31058823529411766,331.8333333333333
882664cca7fffff,387,159.0,0.4108527131782946,304.1666666666667
882664cca9fffff,422,143.0,0.33886255924170616,328.3333333333333
882664ccabfffff,288,84.0,0.2916666666666667,221.0
882664ccadfffff,232,61.0,0.2629310344827586,366.6666666666667
882664ccb1fffff,61,19.0,0.3114754098360656,127.33333333333333
882664ccb3fffff,21,6.0,0.2857142857142857,95.83333333333333
882664ccb5fffff,250,86.0,0.344,187.5
882664ccb7fffff,185,75.0,0.40540540540540543,209.66666666666666
882664ccb9fffff,31,13.0,0.41935483870967744,146.33333333333334
882664ccbbfffff,142,10.0,0.07042253521126761,44.5
882664ccbdfffff,135,34.0,0.2518518518518518,137.5
882664ccc1fffff,591,184.0,0.311336717428088,452.1666666666667
882664ccc3fffff,216,44.0,0.2037037037037037,425.1666666666667
882664ccc5fffff,349,135.0,0.3868194842406877,571.0
882664ccc7fffff,261,78.0,0.2988505747126437,366.5
882664ccc9fffff,538,194.0,0.36059479553903345,889.5
882664cccbfffff,643,248.0,0.3856920684292379,628.3333333333334
882664cccdfffff,706,224.0,0.31728045325779036,608.6666666666666
882664ccd1fffff,509,200.0,0.3929273084479371,396.8333333333333
882664ccd3fffff,486,173.0,0.3559670781893004,238.16666666666666
882664ccd5fffff,280,99.0,0.3535714285714286,333.3333333333333
882664ccd7fffff,279,88.0,0.3154121863799283,328.3333333333333
882664ccd9fffff,474,204.0,0.43037974683544306,373.0
882664ccdbfffff,390,152.0,0.38974358974358975,256.0
882664ccddfffff,472,137.0,0.2902542372881356,464.0
882664cce1fffff,1226,422.0,0.3442088091353997,621.1666666666666
882664cce3fffff,578,183.0,0.3166089965397924,487.6666666666667
882664cce5fffff,412,125.0,0.30339805825242716,651.5
882664cce7fffff,298,88.0,0.2953020134228188,530.1666666666666
882664cce9fffff,1067,399.0,0.3739456419868791,651.5
882664ccebfffff,430,151.0,0.3511627906976744,631.6666666666666
882664ccedfffff,942,293.0,0.31104033970276007,757.5
882664cd01fffff,410,139.0,0.33902439024390246,450.1666666666667
882664cd03fffff,676,219.0,0.3239644970414201,538.0
882664cd05fffff,284,92.0,0.323943661971831,350.0
882664cd07fffff,514,169.0,0.32879377431906615,452.3333333333333
882664cd09fffff,323,90.0,0.2786377708978328,318.8333333333333
882664cd0bfffff,384,147.0,0.3828125,387.0
882664cd0dfffff,520,185.0,0.3557692307692308,248.0
882664cd11fffff,401,139.0,0.34663341645885287,511.5
882664cd13fffff,404,122.0,0.30198019801980197,455.5
882664cd15fffff,584,193.0,0.3304794520547945,535.6666666666666
882664cd17fffff,597,211.0,0.35343383584589616,338.0
882664cd19fffff,376,132.0,0.35106382978723405,448.0
882664cd1bfffff,569,232.0,0.4077328646748682,475.5
882664cd1dfffff,539,217.0,0.4025974025974026,428.8333333333333
882664cd21fffff,243,72.0,0.2962962962962963,283.6666666666667
882664cd23fffff,280,66.0,0.2357142857142857,226.33333333333334
882664cd25fffff,476,65.0,0.13655462184873948,140.33333333333334
882664cd27fffff,236,54.0,0.2288135593220339,216.5
882664cd29fffff,227,50.0,0.22026431718061673,255.5
882664cd2bfffff,263,66.0,0.2509505703422053,305.3333333333333
882664cd2dfffff,220,64.0,0.2909090909090909,270.6666666666667
882664cd31fffff,59,12.0,0.2033898305084746,300.5
882664cd33fffff,162,48.0,0.2962962962962963,155.0
882664cd35fffff,185,60.0,0.32432432432432434,167.16666666666666
882664cd37fffff,171,45.0,0.2631578947368421,123.66666666666667
882664cd39fffff,797,276.0,0.3462986198243413,386.8333333333333
882664cd3bfffff,204,89.0,0.4362745098039216,408.0
882664cd3dfffff,284,84.0,0.29577464788732394,349.6666666666667
882664cd41fffff,349,166.0,0.47564469914040114,279.1666666666667
882664cd43fffff,298,134.0,0.44966442953020136,291.1666666666667
882664cd45fffff,441,165.0,0.3741496598639456,204.33333333333334
882664cd47fffff,79,18.0,0.22784810126582278,359.5
882664cd49fffff,151,54.0,0.3576158940397351,269.3333333333333
882664cd4bfffff,400,129.0,0.3225,364.3333333333333
882664cd4dfffff,306,116.0,0.3790849673202614,263.5
882664cd51fffff,498,225.0,0.45180722891566266,367.0
882664cd53fffff,450,169.0,0.37555555555555553,424.1666666666667
882664cd55fffff,222,84.0,0.3783783783783784,338.1666666666667
882664cd57fffff,152,54.0,0.35526315789473684,411.5
882664cd59fffff,484,192.0,0.39669421487603307,485.1666666666667
882664cd5bfffff,520,167.0,0.3211538461538462,453.6666666666667
882664cd5dfffff,374,148.0,0.39572192513368987,448.0
882664cd61fffff,285,81.0,0.28421052631578947,218.0
882664cd63fffff,166,41.0,0.2469879518072289,316.5
882664cd65fffff,228,78.0,0.34210526315789475,233.0
882664cd67fffff,357,100.0,0.2801120448179272,231.0
882664cd69fffff,116,39.0,0.33620689655172414,220.0
882664cd6bfffff,226,57.0,0.252212389380531,267.8333333333333
882664cd6dfffff,215,54.0,0.25116279069767444,121.16666666666667
882664cd81fffff,337,94.0,0.2789317507418398,352.1666666666667
882664cd83fffff,570,159.0,0.2789473684210526,293.8333333333333
882664cd85fffff,78,12.0,0.15384615384615385,170.5
882664cd87fffff,56,10.0,0.17857142857142858,231.0
882664cd89fffff,568,183.0,0.3221830985915493,572.3333333333334
882664cd8bfffff,462,144.0,0.3116883116883117,432.0
882664cd8dfffff,379,105.0,0.2770448548812665,407.8333333333333
882664cd91fffff,388,103.0,0.2654639175257732,295.3333333333333
882664cd93fffff,317,104.0,0.3280757097791798,315.0
882664cd95fffff,392,149.0,0.38010204081632654,296.5
882664cd97fffff,176,44.0,0.25,292.5
882664cd99fffff,313,81.0,0.25878594249201275,356.5
882664cd9bfffff,315,94.0,0.2984126984126984,368.6666666666667
882664cd9dfffff,259,69.0,0.26640926640926643,411.0
882664cda1fffff,16,5.0,0.3125,39.166666666666664
882664cda5fffff,18,4.0,0.2222222222222222,51.0
882664cda9fffff,65,14.0,0.2153846153846154,110.66666666666667
882664cdabfffff,22,3.0,0.13636363636363635,56.166666666666664
882664cdadfffff,130,44.0,0.3384615384615385,120.33333333333333
882664cdb1fffff,72,12.0,0.16666666666666666,121.0
882664cdb3fffff,70,15.0,0.21428571428571427,110.33333333333333
882664cdb5fffff,27,4.0,0.14814814814814814,57.166666666666664
882664cdb7fffff,121,28.0,0.23140495867768596,52.333333333333336
882664cdb9fffff,257,68.0,0.26459143968871596,223.5
882664cdbbfffff,129,38.0,0.29457364341085274,183.83333333333334
882664cdbdfffff,122,30.0,0.2459016393442623,72.33333333333333
882664cdc1fffff,498,169.0,0.3393574297188755,679.8333333333334
882664cdc3fffff,741,265.0,0.3576248313090418,657.8333333333334
882664cdc5fffff,394,107.0,0.2715736040609137,495.6666666666667
882664cdc7fffff,998,396.0,0.3967935871743487,480.3333333333333
882664cdc9fffff,600,218.0,0.36333333333333334,576.8333333333334
882664cdcbfffff,760,287.0,0.37763157894736843,596.0
882664cdcdfffff,586,192.0,0.32764505119453924,495.6666666666667
882664cdd1fffff,290,77.0,0.2655172413793103,447.5
882664cdd3fffff,411,122.0,0.29683698296836986,318.6666666666667
882664cdd5fffff,517,170.0,0.3288201160541586,501.3333333333333
882664cdd7fffff,341,107.0,0.31378299120234604,375.3333333333333
882664cdd9fffff,499,185.0,0.37074148296593185,473.3333333333333
882664cddbfffff,311,124.0,0.3987138263665595,357.0
882664cdddfffff,606,210.0,0.3465346534653465,565.8333333333334
882664cde1fffff,158,62.0,0.3924050632911392,205.0
882664cde3fffff,164,36.0,0.21951219512195122,206.0
882664cde5fffff,75,27.0,0.36,208.5
882664cde7fffff,254,66.0,0.25984251968503935,141.33333333333334
882664cde9fffff,186,63.0,0.3387096774193548,350.6666666666667
882664cdebfffff,302,115.0,0.38079470198675497,379.8333333333333
882664cdedfffff,249,79.0,0.3172690763052209,230.33333333333334
882664ce21fffff,458,154.0,0.33624454148471616,301.3333333333333
882664ce23fffff,273,87.0,0.31868131868131866,401.1666666666667
882664ce25fffff,554,142.0,0.2563176895306859,576.6666666666666
882664ce27fffff,646,205.0,0.3173374613003096,598.6666666666666
882664ce2dfffff,335,81.0,0.2417910447761194,399.8333333333333
882664ce31fffff,164,32.0,0.1951219512195122,261.5
882664ce33fffff,18,3.0,0.16666666666666666,292.6666666666667
882664ce35fffff,420,108.0,0.2571428571428571,508.5
882664ce37fffff,1129,257.0,0.22763507528786536,322.6666666666667
882664ce3dfffff,2,1.0,0.5,142.83333333333334
882664ce65fffff,9,3.0,0.3333333333333333,138.66666666666666
882664cea1fffff,1038,287.0,0.2764932562620424,500.5
882664cea3fffff,1068,371.0,0.34737827715355807,690.5
882664cea5fffff,806,278.0,0.34491315136476425,616.8333333333334
882664cea7fffff,1038,385.0,0.37090558766859344,820.1666666666666
882664ceadfffff,91,23.0,0.25274725274725274,347.5
882664ceb1fffff,456,187.0,0.4100877192982456,394.5
882664ceb3fffff,176,66.0,0.375,270.1666666666667
882664ceb5fffff,1291,484.0,0.37490317583268784,600.8333333333334
882664ceb7fffff,662,205.0,0.30966767371601206,585.3333333333334
882664cebdfffff,238,100.0,0.42016806722689076,469.1666666666667
882664cf01fffff,283,87.0,0.30742049469964666,221.5
882664cf03fffff,138,35.0,0.2536231884057971,177.83333333333334
882664cf05fffff,227,83.0,0.3656387665198238,164.16666666666666
882664cf07fffff,39,6.0,0.15384615384615385,178.83333333333334
882664cf09fffff,417,135.0,0.3237410071942446,225.16666666666666
882664cf0bfffff,286,89.0,0.3111888111888112,269.8333333333333
882664cf0dfffff,222,57.0,0.25675675675675674,175.66666666666666
882664cf11fffff,330,138.0,0.41818181818181815,376.1666666666667
882664cf13fffff,505,184.0,0.36435643564356435,463.0
882664cf15fffff,115,23.0,0.2,191.0
882664cf17fffff,230,69.0,0.3,235.33333333333334
882664cf19fffff,359,125.0,0.34818941504178275,507.3333333333333
882664cf1bfffff,729,210.0,0.2880658436213992,515.1666666666666
882664cf1dfffff,319,116.0,0.36363636363636365,234.5
882664cf21fffff,227,75.0,0.3303964757709251,152.0
882664cf23fffff,75,22.0,0.29333333333333333,210.66666666666666
882664cf25fffff,113,33.0,0.2920353982300885,141.66666666666666
882664cf27fffff,258,91.0,0.35271317829457366,184.0
882664cf29fffff,143,26.0,0.18181818181818182,142.33333333333334
882664cf2bfffff,290,98.0,0.33793103448275863,136.83333333333334
882664cf2dfffff,33,11.0,0.3333333333333333,152.16666666666666
882664cf31fffff,182,61.0,0.33516483516483514,270.6666666666667
882664cf33fffff,371,152.0,0.40970350404312667,356.1666666666667
882664cf35fffff,228,108.0,0.47368421052631576,284.0
882664cf37fffff,786,350.0,0.44529262086513993,339.8333333333333
882664cf39fffff,25,7.0,0.28,114.66666666666667
882664cf3bfffff,104,27.0,0.25961538461538464,190.33333333333334
882664cf3dfffff,110,40.0,0.36363636363636365,139.83333333333334
882664cf41fffff,286,66.0,0.23076923076923078,330.8333333333333
882664cf43fffff,205,52.0,0.25365853658536586,371.5
882664cf45fffff,535,168.0,0.31401869158878504,330.8333333333333
882664cf47fffff,72,25.0,0.3472222222222222,285.3333333333333
882664cf49fffff,177,51.0,0.288135593220339,669.5
882664cf4bfffff,675,187.0,0.277037037037037,447.6666666666667
882664cf4dfffff,321,92.0,0.2866043613707165,451.5
882664cf51fffff,551,166.0,0.30127041742286753,451.8333333333333
882664cf53fffff,933,316.0,0.3386923901393355,405.3333333333333
882664cf55fffff,283,68.0,0.24028268551236748,355.6666666666667
882664cf57fffff,179,64.0,0.3575418994413408,455.1666666666667
882664cf59fffff,366,64.0,0.17486338797814208,381.1666666666667
882664cf5bfffff,454,67.0,0.14757709251101322,365.6666666666667
882664cf5dfffff,496,128.0,0.25806451612903225,474.1666666666667
882664cf61fffff,348,143.0,0.4109195402298851,265.6666666666667
882664cf63fffff,8,1.0,0.125,176.0
882664cf65fffff,515,195.0,0.3786407766990291,303.8333333333333
882664cf67fffff,69,20.0,0.2898550724637681,222.83333333333334
882664cf69fffff,648,212.0,0.3271604938271605,344.0
882664cf6bfffff,47,20.0,0.425531914893617,305.5
882664cf6dfffff,307,100.0,0.3257328990228013,361.3333333333333
882664d811fffff,188,55.0,0.2925531914893617,347.8333333333333
882664d813fffff,560,158.0,0.28214285714285714,530.3333333333334
882664d815fffff,15,1.0,0.06666666666666667,123.66666666666667
882664d817fffff,418,122.0,0.291866028708134,224.83333333333334
882664d81bfffff,1094,332.0,0.30347349177330896,296.0
882664d831fffff,2,0.0,0.0,31.5
882664d833fffff,53,8.0,0.1509433962264151,98.0
882664d839fffff,4,1.0,0.25,24.833333333333332
882664d83bfffff,132,19.0,0.14393939393939395,111.66666666666667
882664d881fffff,254,40.0,0.15748031496062992,355.8333333333333
882664d883fffff,335,64.0,0.191044776119403,538.0
882664d885fffff,1,1.0,1.0,328.6666666666667
882664d887fffff,199,56.0,0.2814070351758794,274.5
882664d889fffff,450,100.0,0.2222222222222222,511.1666666666667
882664d88bfffff,817,197.0,0.24112607099143207,443.3333333333333
882664d88dfffff,333,76.0,0.22822822822822822,334.0
882664d891fffff,717,239.0,0.3333333333333333,537.5
882664d893fffff,421,69.0,0.16389548693586697,475.3333333333333
882664d895fffff,610,174.0,0.28524590163934427,639.5
882664d897fffff,1042,315.0,0.30230326295585414,519.0
882664d899fffff,13,1.0,0.07692307692307693,310.6666666666667
882664d89bfffff,78,19.0,0.24358974358974358,197.5
882664d89dfffff,1061,337.0,0.3176248821866164,416.6666666666667
882664d8a1fffff,121,30.0,0.24793388429752067,298.6666666666667
882664d8a3fffff,291,62.0,0.21305841924398625,314.3333333333333
882664d8a5fffff,295,111.0,0.376271186440678,139.66666666666666
882664d8a7fffff,249,68.0,0.27309236947791166,306.8333333333333
882664d8a9fffff,288,70.0,0.24305555555555555,283.3333333333333
882664d8abfffff,454,133.0,0.29295154185022027,202.66666666666666
882664d8adfffff,215,70.0,0.32558139534883723,253.5
882664d8b1fffff,231,37.0,0.16017316017316016,315.3333333333333
882664d8b3fffff,268,43.0,0.16044776119402984,247.16666666666666
882664d8b5fffff,389,94.0,0.2416452442159383,274.6666666666667
882664d8b7fffff,237,51.0,0.21518987341772153,227.0
882664d8b9fffff,287,67.0,0.23344947735191637,347.6666666666667
882664d8bbfffff,395,75.0,0.189873417721519,442.8333333333333
882664d8bdfffff,316,96.0,0.3037974683544304,308.5
882664d8c1fffff,785,198.0,0.2522292993630573,394.5
882664d8c3fffff,691,186.0,0.2691751085383502,368.1666666666667
882664d8c5fffff,463,132.0,0.28509719222462204,536.5
882664d8c7fffff,420,101.0,0.24047619047619048,526.1666666666666
882664d8c9fffff,48,18.0,0.375,300.0
882664d8cbfffff,2,1.0,0.5,254.0
882664d8cdfffff,743,201.0,0.27052489905787347,536.6666666666666
882664d8d5fffff,552,152.0,0.2753623188405797,327.6666666666667
882664d8d7fffff,8,4.0,0.5,407.1666666666667
882664d8e1fffff,415,120.0,0.2891566265060241,345.6666666666667
882664d8e3fffff,444,126.0,0.28378378378378377,322.8333333333333
882664d8e5fffff,276,72.0,0.2608695652173913,226.16666666666666
882664d8e7fffff,465,142.0,0.3053763440860215,314.0
882664d8e9fffff,276,58.0,0.21014492753623187,411.5
882664d8ebfffff,435,164.0,0.37701149425287356,391.8333333333333
882664d8edfffff,178,31.0,0.17415730337078653,261.6666666666667
882664d937fffff,3,0.0,0.0,12.833333333333334
882664d981fffff,60,8.0,0.13333333333333333,26.333333333333332
882664d983fffff,39,13.0,0.3333333333333333,64.33333333333333
882664d985fffff,15,1.0,0.06666666666666667,45.833333333333336
882664d987fffff,16,3.0,0.1875,85.0
882664d989fffff,15,3.0,0.2,29.0
882664d98bfffff,56,9.0,0.16071428571428573,44.666666666666664
882664d98dfffff,17,2.0,0.11764705882352941,24.5
882664d991fffff,130,32.0,0.24615384615384617,163.5
882664d993fffff,483,166.0,0.34368530020703936,289.1666666666667
882664d995fffff,122,9.0,0.07377049180327869,114.83333333333333
882664d997fffff,201,34.0,0.1691542288557214,218.83333333333334
882664d999fffff,20,5.0,0.25,128.5
882664d99bfffff,127,36.0,0.28346456692913385,304.5
882664d99dfffff,28,4.0,0.14285714285714285,75.33333333333333
882664d9a1fffff,138,32.0,0.2318840579710145,94.83333333333333
882664d9a3fffff,108,19.0,0.17592592592592593,139.16666666666666
882664d9a5fffff,91,20.0,0.21978021978021978,100.0
882664d9a7fffff,140,48.0,0.34285714285714286,99.66666666666667
882664d9a9fffff,32,2.0,0.0625,66.0
882664d9abfffff,110,26.0,0.23636363636363636,81.83333333333333
882664d9adfffff,88,22.0,0.25,64.66666666666667
882664d9b1fffff,273,101.0,0.36996336996337,177.66666666666666
882664d9b3fffff,205,42.0,0.2048780487804878,229.5
882664d9b5fffff,150,40.0,0.26666666666666666,181.33333333333334
882664d9b7fffff,238,62.0,0.2605042016806723,204.33333333333334
882664d9b9fffff,104,13.0,0.125,136.5
882664d9bbfffff,187,34.0,0.18181818181818182,170.0
882664d9bdfffff,182,46.0,0.25274725274725274,126.83333333333333
882664d9d1fffff,59,5.0,0.0847457627118644,79.66666666666667
882664d9d3fffff,106,25.0,0.2358490566037736,153.33333333333334
882664d9d5fffff,41,10.0,0.24390243902439024,35.833333333333336
882664d9d7fffff,85,21.0,0.24705882352941178,51.666666666666664
882664d9dbfffff,246,50.0,0.2032520325203252,186.83333333333334
882664d9e1fffff,19,4.0,0.21052631578947367,15.0
882664d9e3fffff,40,9.0,0.225,17.5
882664d9e5fffff,19,4.0,0.21052631578947367,6.833333333333333
882664d9e7fffff,5,1.0,0.2,34.333333333333336
882664d9ebfffff,17,4.0,0.23529411764705882,12.666666666666666
882664d9edfffff,9,3.0,0.3333333333333333,6.333333333333333
882664daa5fffff,15,6.0,0.4,227.33333333333334
882664daa7fffff,270,68.0,0.2518518518518518,316.6666666666667
8827593411fffff,12,2.0,0.16666666666666666,29.833333333333332
8827593413fffff,14,5.0,0.35714285714285715,45.666666666666664
8827593415fffff,1,0.0,0.0,3.1666666666666665
8827593417fffff,5,3.0,0.6,30.666666666666668
8827593419fffff,153,9.0,0.058823529411764705,3.3333333333333335
882759341bfffff,4,2.0,0.5,30.0
882759341dfffff,2,1.0,0.5,28.0
8827593457fffff,2,1.0,0.5,25.833333333333332
8827593485fffff,1,1.0,1.0,0.16666666666666666
88275934abfffff,1,1.0,1.0,0.16666666666666666
88275934c1fffff,3,3.0,1.0,17.333333333333332
88275934c5fffff,95,5.0,0.05263157894736842,29.833333333333332
88275934c7fffff,1,0.0,0.0,16.833333333333332
88275934cbfffff,7,0.0,0.0,13.166666666666666
88275934cdfffff,1,0.0,0.0,19.333333333333332
88275934d3fffff,1,0.0,0.0,19.333333333333332
88275934d9fffff,26,4.0,0.15384615384615385,21.666666666666668
88275934dbfffff,12,2.0,0.16666666666666666,22.833333333333332
88275934ddfffff,1,1.0,1.0,18.0
88275934e9fffff,157,44.0,0.2802547770700637,19.5
88275934ebfffff,3,0.0,0.0,42.166666666666664
8827593683fffff,1,0.0,0.0,31.666666666666668
8827593689fffff,7,1.0,0.14285714285714285,25.5
882759368bfffff,39,7.0,0.1794871794871795,39.0
8827593691fffff,93,25.0,0.26881720430107525,66.16666666666667
8827593693fffff,114,20.0,0.17543859649122806,52.666666666666664
8827593695fffff,47,10.0,0.2127659574468085,45.0
8827593697fffff,55,15.0,0.2727272727272727,45.666666666666664
8827593699fffff,50,10.0,0.2,85.0
882759369bfffff,70,21.0,0.3,94.0
882759369dfffff,61,17.0,0.2786885245901639,51.833333333333336
88275936b1fffff,313,75.0,0.23961661341853036,31.166666666666668
88275936b3fffff,25,9.0,0.36,75.0
88275936b7fffff,75,22.0,0.29333333333333333,62.0
88275936b9fffff,43,10.0,0.23255813953488372,67.5
88275936bbfffff,17,1.0,0.058823529411764705,80.83333333333333
88275936bdfffff,27,4.0,0.14814814814814814,59.333333333333336
88275936c1fffff,6,1.0,0.16666666666666666,10.333333333333334
88275936c3fffff,30,4.0,0.13333333333333333,29.0
88275936cbfffff,32,4.0,0.125,14.0
88275936d1fffff,25,6.0,0.24,55.333333333333336
88275936d3fffff,114,24.0,0.21052631578947367,57.166666666666664
88275936d5fffff,84,27.0,0.32142857142857145,37.833333333333336
88275936d7fffff,81,18.0,0.2222222222222222,62.166666666666664
88275936dbfffff,8,0.0,0.0,41.833333333333336
88275936ddfffff,45,8.0,0.17777777777777778,29.0
